wpm,ac,r,t,sl,tid,gn,np,pts
133.99,0.98,1,1649114779.542,L6,3640623,2341,5,136.23
121.52,0.99,1,1649098186.392,L6,3550097,2340,3,109.37
134.57,0.99,2,1649094220.595,L6,4180241,2339,4,112.14
156.86,1,1,1648918354.435,L6,3550074,2338,3,96.73
141.13,0.99,1,1648844458.466,L6,4350522,2337,2,87.03
135.35,0.98,2,1648842434.152,L6,4350214,2336,5,92.49
143.93,0.99,1,1648842349.487,L6,3950000,2335,5,86.36
118.97,0.96,2,1648841857.683,L6,3810955,2334,4,79.31
124.82,0.98,1,1648826181.123,L6,4180003,2333,5,72.81
131.21,0.98,1,1648663392.356,L6,3620558,2332,5,85.28
124.15,0.98,1,1648496083.707,L6,3640646,2331,5,155.19
121.15,0.98,1,1648144631.031,L6,4180563,2330,5,46.44
129.73,0.99,1,1648054748.783,L6,3811278,2329,5,153.52
133.85,0.98,1,1648053704.357,L6,3550207,2328,5,158.39
118,0.97,1,1647895999.385,L6,3622293,2327,3,98.33
136.73,0.99,2,1647891889.217,L6,4350640,2326,5,97.99
133.19,0.97,1,1647880741.429,L6,541,2325,3,86.57
127.99,0.98,1,1647880658.647,L6,50,2324,5,119.46
149.58,1,1,1647880594.979,L6,4070262,2323,5,137.12
113.22,0.97,1,1647879423.106,L6,104,2322,5,66.04
136.06,0.99,1,1647879372.641,L6,4070245,2321,4,92.97
128.65,0.99,2,1647879310.829,L6,3622422,2320,5,128.65
137.9,1,1,1647701825.049,L6,3641028,2319,5,78.14
111.92,0.97,3,1647647839.914,L6,455,2318,5,100.72
116.07,0.97,1,1647640728.751,L6,3810116,2317,3,81.25
118.84,0.98,2,1647639254.227,L6,4060075,2316,5,83.18
135.48,0.99,1,1647623700.987,L6,3620978,2315,5,74.51
124.95,0.98,1,1647623578.115,L6,3810105,2314,2,185.34
145.69,1,1,1647623429.079,L6,3641175,2313,4,97.12
134.07,0.99,1,1647623385.15,L6,91,2312,5,69.27
138.37,1,2,1647615520.381,L6,3640372,2311,5,92.25
128.2,0.98,2,1647547629.307,L6,3620113,2310,4,66.24
109.87,0.97,1,1647452172.772,L6,3810576,2309,4,86.06
130.75,0.98,1,1647452081.634,L6,4060062,2308,5,87.17
134.63,0.98,1,1647450006.214,L6,4350123,2307,3,103.22
143.82,0.99,1,1647449913.569,L6,3810030,2306,2,170.19
124.56,0.99,4,1647449033.754,L6,4180563,2305,5,47.75
117.65,0.97,1,1647392995.277,L6,4350280,2304,5,109.8
125.39,0.98,1,1647392741.756,L6,566,2303,3,125.39
142.46,0.99,1,1647392678.816,L6,3622248,2302,4,106.85
142.72,1,1,1647392625.458,L6,3621293,2301,5,52.33
141.71,0.99,1,1647391486.871,L6,4350318,2300,5,134.63
127.88,0.99,1,1647391419.642,L6,3810124,2299,5,70.33
123.97,0.99,2,1647386601.348,L6,3640391,2298,4,78.52
118.67,0.97,3,1647382350.005,L6,299,2297,5,118.67
121.21,0.97,2,1647366756.25,L6,3620374,2296,4,60.61
117.51,0.98,1,1647363508.533,L6,4350317,2295,5,119.47
127.45,1,2,1647314716.835,L6,4350335,2294,3,108.33
127.32,0.98,2,1647280997.603,L6,3621240,2293,5,120.95
147.74,0.99,2,1647275982.784,L6,4180631,2292,5,105.88
141.62,0.99,1,1647275938.773,L6,3810416,2291,3,101.49
121.79,0.97,1,1647275052.268,L6,3620153,2290,4,115.7
128.31,0.99,1,1647274965.923,L6,115,2289,4,130.44
140.36,0.99,1,1647274760.697,L6,4180742,2288,5,142.7
119.52,0.98,1,1647274718.488,L6,3622289,2287,5,61.75
118.1,0.97,1,1647043589.976,L6,3620551,2286,2,135.81
118.83,0.98,1,1647027935.093,L6,4180614,2285,5,83.18
124,0.97,3,1647027762.343,L6,413,2284,5,97.13
116.01,0.98,4,1647027724.385,L6,3620718,2283,5,94.74
123.6,0.99,2,1647027678.03,L6,4,2282,5,100.94
123.11,0.98,1,1647027636.489,L6,4940210,2281,5,86.18
120.86,0.97,1,1646934668.815,L6,3622380,2280,3,96.69
132.59,0.99,1,1646934551.36,L6,3550568,2279,3,198.88
138.4,0.99,1,1646934488.958,L6,3810202,2278,3,108.41
128.16,0.98,1,1646934446.25,L6,3550531,2277,4,140.97
149.51,0.99,1,1646934361.014,L6,3622440,2276,4,94.69
125.35,0.99,1,1646774095.529,L6,48,2275,5,77.3
121.49,0.98,1,1646772854.672,L6,3621023,2274,5,153.89
136.03,0.99,1,1646694495.079,L6,3622387,2273,3,111.09
126.42,0.99,1,1646692971.613,L6,3622427,2272,5,65.32
121.63,0.98,1,1646692940.052,L5,473,2271,4,95.28
106.58,0.96,2,1646674916.303,L6,3621805,2270,5,76.38
119.78,0.98,1,1646674770.113,L6,106,2269,5,85.84
116.81,0.99,2,1646674452.534,L6,3100108,2268,5,64.25
115.21,0.97,1,1646672668.297,L6,3811111,2267,5,103.69
127.79,0.98,1,1646672250.974,L6,285,2266,5,87.32
144.29,1,1,1646671147.853,L6,4180594,2265,5,120.24
116.42,0.97,2,1646358436.487,L6,4350306,2264,4,166.87
120.54,0.98,3,1646358120.905,L6,3810955,2263,4,80.36
130.39,0.98,1,1646358086.766,L5,3811151,2262,5,65.19
127.27,0.97,1,1646280420.225,L6,3810425,2261,4,86.97
116.42,0.98,3,1646252846.662,L6,4350317,2260,5,118.36
112.31,0.96,2,1646191734.293,L6,4350059,2259,5,61.77
132.62,0.98,1,1646191700.323,L6,3550114,2258,5,128.2
122.8,0.98,4,1646191360.198,L6,4350275,2257,5,83.92
127.78,0.99,1,1646153185.788,L6,3622386,2256,5,163.98
125.25,0.99,2,1646073701.512,L6,4940009,2255,5,169.09
129.04,0.98,1,1645219051.933,L6,3622338,2254,3,184.96
129.54,0.98,2,1645121681.64,L6,3640114,2253,5,86.36
118.81,0.98,1,1645043706.591,L6,3622464,2252,5,95.05
133.71,0.98,2,1645033344.885,L6,3620195,2251,5,100.28
130.53,0.98,1,1645033311.439,L6,3550588,2250,5,67.44
120.3,0.98,1,1645033285.174,L6,4070276,2249,5,172.44
129.27,0.98,1,1645032108.24,L6,3810175,2248,3,73.25
140.06,0.99,1,1645031931.946,L6,3641078,2247,4,170.41
134.14,0.99,1,1645031847.322,L6,3640210,2246,3,114.02
127.4,0.99,1,1644944907.479,L6,417,2245,4,89.18
144.74,1,1,1644943731.304,L6,3950026,2244,5,103.73
112.1,0.95,4,1644942143.425,L6,4180063,2243,5,72.86
123.32,0.99,1,1644941371.283,L6,3810336,2242,4,135.65
112.62,0.98,1,1644873763.879,L6,582,2241,3,146.4
120.06,0.98,1,1644873234.317,L6,3550077,2240,5,94.04
116.49,0.96,3,1644865541.756,L6,4350366,2239,4,95.13
121.44,0.98,3,1644860198.415,L6,4060250,2238,5,52.63
119.7,0.98,1,1644859714.737,L6,3810961,2237,4,97.75
120.86,0.97,2,1644857086.86,L6,4350056,2236,5,106.76
145.4,1,1,1644857045.301,L6,32,2235,5,104.2
134.18,0.99,2,1644857012.767,L6,3550152,2234,4,127.47
142.12,1,1,1644856968.034,L6,4350576,2233,3,156.33
138.58,0.99,1,1644856258.604,L6,3810052,2232,4,69.29
135.57,1,2,1644856225.463,L6,3640357,2231,2,112.97
148.57,1,1,1644856179.44,L6,3550718,2230,3,118.85
123.27,0.98,1,1644856037.963,L6,318,2229,5,63.69
133.6,0.99,1,1644856000.815,L6,584,2228,5,155.86
116.29,0.98,2,1644855952.628,L6,3641007,2227,2,69.77
129.85,0.99,1,1644854070.811,L6,3550849,2226,5,151.49
133.53,0.99,1,1644801551.061,L6,3640108,2225,5,80.12
132.88,0.99,1,1644602096.201,L6,4060112,2224,5,64.23
127.16,0.98,2,1644601948.343,L6,3622249,2223,5,112.32
122.24,0.97,1,1644601369.95,L6,3641256,2222,5,71.31
107.81,0.97,1,1644601338.574,L6,3640752,2221,5,57.5
135.23,1,1,1644601300.786,L6,3811433,2220,5,108.19
121.81,0.98,2,1644601248.194,L6,3550279,2219,5,107.6
109.7,0.97,1,1644599135.502,L6,3640481,2218,5,80.45
132.56,0.99,1,1644599106.085,L6,3621983,2217,5,97.21
130.77,0.98,2,1644599064.131,L6,3811277,2216,2,148.21
133.95,0.98,1,1644599009.024,L6,4180779,2215,4,149.58
128.35,0.98,1,1644598969.596,L6,3620390,2214,4,98.4
119.68,0.98,1,1644598879.924,L6,3550054,2213,5,107.71
134.3,0.98,1,1644598839.264,L6,4350445,2212,5,82.82
125.63,0.98,1,1644598805.245,L6,3811211,2211,5,119.35
109.37,0.98,3,1644597252.845,L6,3620872,2210,5,85.67
128.14,0.98,1,1644597209.307,L6,3700016,2209,4,153.76
134.1,0.99,1,1644529316.868,L6,4180389,2208,5,96.11
114.76,0.97,2,1644529165.47,L6,3622380,2207,5,91.81
138.07,0.98,1,1644529123.343,L6,3950035,2206,2,80.54
139.62,0.99,1,1644529086.925,L6,3100019,2205,5,146.6
119.37,0.98,1,1644520500.134,L6,3550811,2204,5,123.35
125.21,0.99,1,1644520338.508,L6,3640967,2203,5,135.64
139.79,1,2,1644511624.627,L6,3640357,2202,5,116.49
131.34,0.98,1,1644511472.662,L6,3810606,2201,4,118.2
116.71,0.98,1,1644509996.127,L6,4180270,2200,4,120.6
134.65,0.98,1,1644509660.855,L6,584,2199,5,157.09
118.46,0.98,1,1644446138.008,L6,4060190,2198,4,157.95
116.7,0.98,2,1644444589.529,L6,3950043,2197,5,157.54
122.69,0.98,1,1644443564.919,L6,4180818,2196,5,157.46
128.55,0.99,2,1644443516.506,L6,3550627,2195,5,89.98
118.99,0.97,1,1644441479.537,L6,3620300,2194,5,77.34
120.35,0.99,1,1644429868.53,L6,3620920,2193,4,144.42
122.7,0.98,1,1644429813.487,L6,3622351,2192,5,100.21
117.59,0.98,2,1644429769.928,L6,3620073,2191,5,60.76
119.37,0.97,2,1644429482.267,L6,3640338,2190,5,99.48
130.21,0.99,1,1644428992.399,L6,4180619,2189,4,145.41
119.67,0.97,1,1644428946.422,L6,3550716,2188,5,89.75
126.67,0.98,1,1644427320.817,L6,117,2187,5,149.9
108.89,0.97,1,1644427256.292,L6,272,2186,3,121.59
126.16,0.98,1,1644427197.714,L6,3810844,2185,5,109.34
138.86,0.99,2,1644427156.275,L6,4180289,2184,5,141.18
121.8,0.98,2,1644427111.381,L6,3550179,2183,4,54.81
133.32,0.99,1,1644427075.945,L6,3640648,2182,5,95.55
127.22,0.98,1,1644427037.515,L6,3641011,2181,4,133.58
129.46,0.99,1,1644426810.564,L6,3550078,2180,5,131.62
122.39,0.97,2,1644423332.615,L6,3620414,2179,5,57.11
120.79,0.98,1,1644422787.214,L6,4180862,2178,3,102.67
130.8,0.99,1,1644368386.155,L6,3640410,2177,5,93.74
143.56,0.99,1,1644368348.16,L6,367,2176,5,78.96
129.96,0.98,1,1644368311.8,L6,3641002,2175,5,129.96
125.08,0.99,1,1644368264.871,L6,4060231,2174,5,43.78
134.21,1,1,1644368231.244,L6,4180323,2173,5,98.42
137.5,0.99,2,1644365757.817,L6,4350179,2172,4,84.79
132.48,0.99,1,1644365726.567,L6,3550718,2171,4,105.99
139.31,0.99,1,1644365685.99,L6,3640372,2170,5,92.87
131.39,0.98,2,1644365648.055,L6,3640456,2169,5,111.68
121.18,0.98,2,1644365611.633,L6,505,2168,4,98.96
116.37,0.98,1,1644364334.88,L6,3620461,2167,5,87.28
128.21,0.99,1,1644361494.275,L6,160,2166,4,158.13
126.47,0.99,1,1644360402.413,L6,3640956,2165,2,105.39
116.35,0.98,2,1644358421.096,L6,3550048,2164,5,69.81
123,0.98,2,1644358375.149,L6,3100067,2163,5,63.55
123.76,0.98,1,1644358253.332,L6,3640833,2162,4,121.69
141.38,0.99,1,1644357956.802,L6,3100067,2161,2,73.05
122.7,0.99,1,1644357919.416,L6,3100045,2160,4,202.46
138.77,0.99,1,1644357775.128,L6,3100102,2159,5,85.57
131.31,0.99,1,1644357743.67,L6,3810833,2158,5,111.61
109.73,0.97,2,1644356512.257,L6,3622081,2157,5,62.18
109.44,0.97,1,1644355684.195,L6,4060039,2156,2,94.85
115.81,0.97,1,1644353895.422,L6,3100052,2155,3,115.81
123.8,0.98,1,1644353684.361,L6,4350491,2154,5,86.66
134.53,0.99,1,1644343231.609,L6,3550038,2153,4,139.01
125.99,0.98,1,1644343184.84,L6,4060120,2152,4,128.09
122.02,0.99,1,1644343114.534,L6,88,2151,5,65.08
132.08,0.98,1,1644343055.232,L6,3550849,2150,5,154.09
122.93,0.98,1,1644342996.301,L6,3810511,2149,5,102.45
128.37,0.99,1,1644342941.197,L6,4180651,2148,4,224.64
135.08,0.99,1,1644342826.188,L6,421,2147,3,117.07
113.54,0.97,2,1644342743.674,L6,3810742,2146,5,104.08
122.89,0.98,1,1644342699.178,L6,3810668,2145,5,155.66
132.84,0.99,1,1644342645.123,L6,3550423,2144,5,126.2
141.16,1,1,1644342602.213,L6,3641325,2143,5,84.7
127.1,0.98,2,1644342573.596,L6,3620332,2142,5,135.58
116.75,0.98,2,1644342435.242,L6,3622350,2141,5,64.21
127.69,0.98,1,1644342404.123,L6,218,2140,5,161.74
121.32,0.96,2,1644342347.833,L6,3950033,2139,4,64.7
121.64,0.99,1,1644342322.639,L6,346,2138,5,113.53
141.09,0.99,2,1644342268.007,L6,3810901,2137,4,124.63
117.52,0.97,4,1644282773.236,L6,4350123,2136,4,90.1
127.08,0.99,1,1644275748.095,L6,3550070,2135,4,105.9
124.25,0.98,1,1644275709.663,L6,4070103,2134,5,89.04
123.05,0.99,1,1644274967.696,L6,4060039,2133,4,106.64
121.03,0.99,2,1644274840.594,L6,3100050,2132,4,56.48
125.48,0.98,3,1644274812.167,L6,3621203,2131,5,110.84
139.54,1,1,1644274739.559,L6,3550028,2130,4,88.38
118.33,0.98,2,1644274701.343,L6,3641097,2129,3,108.47
137.03,0.98,1,1644272407.291,L6,4060255,2128,2,57.1
115.35,0.98,2,1644269374.715,L6,3950051,2127,5,107.66
117.42,0.98,1,1644269321.462,L6,3622432,2126,5,142.86
135.03,0.99,1,1644253227.257,L6,3550694,2125,4,114.77
139.36,0.99,1,1644253180.178,L6,4070305,2124,4,92.91
141.91,0.99,1,1644253135.91,L6,4180609,2123,5,61.5
127.44,0.99,3,1644207424.193,L6,3640144,2122,5,65.84
108.34,0.97,2,1644207398.541,L6,3621240,2121,4,102.92
113.85,0.97,2,1644192251.321,L6,3620866,2120,3,83.49
132.07,0.99,1,1644192194.923,L6,3640332,2119,4,74.84
129.65,0.98,1,1644192155.36,L6,3810620,2118,4,155.58
130.65,0.97,1,1644192104.598,L6,3640591,2117,5,63.15
125.73,0.98,1,1644192061.362,L6,4180784,2116,5,152.97
137.74,0.99,2,1644191971.902,L6,3550449,2115,5,101.01
114.87,0.97,1,1644191918.734,L6,3550267,2114,5,170.39
121.51,0.97,1,1644191834.081,L6,4350195,2113,5,95.18
129.08,0.99,1,1644158780.73,L6,4180022,2112,5,139.84
108.98,0.98,3,1644157818.999,L6,4180114,2111,5,119.88
121.34,0.98,1,1644127998.268,L6,4940031,2110,2,133.48
124.11,0.99,1,1644105087.705,L6,4180465,2109,3,165.48
143.82,1,1,1644104753.656,L6,3100034,2108,3,100.67
124.81,0.97,1,1644087981.064,L6,3100082,2107,5,108.17
132.92,0.99,1,1644087944.721,L6,134,2106,5,90.83
137.09,0.99,3,1644087900.859,L6,3620397,2105,5,89.11
116.4,0.97,1,1644087866.457,L6,3621234,2104,3,85.36
149.92,1,1,1644087808.455,L6,3621166,2103,4,99.95
118.66,0.98,2,1644074190.701,L6,3550164,2102,5,69.22
116.62,0.99,2,1644074093.704,L6,3620425,2101,5,42.76
132.1,0.99,2,1644074026.995,L6,3811227,2100,5,105.68
134.63,0.98,1,1644073934.795,L5,3620406,2099,5,76.29
120.98,0.98,2,1644073804.413,L6,4350288,2098,4,189.54
134.54,1,2,1644073655.648,L6,3622285,2097,5,107.63
127.34,0.98,1,1644020319.202,L6,3640281,2096,5,95.5
130.77,0.99,2,1644004407.445,L6,4180609,2095,5,56.67
134.01,0.99,1,1644004378.157,L6,609,2094,5,129.55
121.41,0.97,1,1644004290.542,L6,4180585,2093,5,93.08
134.28,0.99,1,1644003927.443,L6,313,2092,5,134.28
136.83,0.99,1,1644000506.689,L6,3620711,2091,3,173.32
97.54,0.98,1,1644000351.225,L6,163,2090,1,84.54
114.81,0.98,2,1643999173.271,L6,3640456,2089,5,97.59
126.13,0.97,1,1643998899.87,L6,548,2088,4,81.98
122.39,0.99,2,1643997512.09,L6,3811391,2087,3,152.99
125.63,0.98,2,1643997061.288,L6,3640134,2086,5,83.75
139.84,0.99,2,1643997010.086,L6,3640564,2085,4,125.86
123.96,0.99,1,1643990486.229,L6,3810333,2084,5,72.31
135.98,0.99,2,1643990393.457,L6,3641088,2083,5,165.44
136.07,0.99,1,1643990311.24,L6,3641078,2082,4,165.55
121.47,0.98,1,1643918137.079,L6,3622248,2081,5,91.11
115.07,0.97,2,1643918084.306,L6,266,2080,5,82.47
133.45,0.98,1,1643918034.833,L6,4350617,2079,5,215.74
131.75,0.99,1,1643917962.162,L6,4180603,2078,5,133.95
139.14,0.99,1,1643917767.274,L6,4350666,2077,5,222.63
131.05,0.99,2,1643917713.984,L6,4350675,2076,5,96.1
145.99,1,1,1643917678.239,L6,3550619,2075,5,99.76
126.52,0.99,1,1643917646.964,L6,4180118,2074,5,109.65
135.14,0.99,3,1643908774.617,L6,3640332,2073,5,76.58
140.29,0.99,2,1643908730.479,L6,3621200,2072,5,119.24
126,0.98,1,1643908662.873,L6,3550969,2071,5,113.4
147.84,0.99,1,1643908582.53,L6,3621438,2070,5,61.6
138.53,0.99,2,1643908538.144,L6,3641070,2069,5,92.35
122.08,0.97,1,1643908507.759,L6,3640403,2068,5,73.25
141.85,0.99,1,1643908466.865,L6,3621136,2067,5,78.02
125.65,0.98,1,1643908428.582,L6,3620156,2066,4,131.93
133.2,0.99,2,1643906784.748,L6,3550816,2065,5,150.95
109.04,0.95,4,1643901530.051,L6,3620978,2064,5,59.97
128.38,0.99,2,1643901498.759,L6,3622472,2063,5,92.01
123.08,0.99,2,1643901448.314,L6,4350241,2062,5,149.75
124.74,0.99,1,1643901403.858,L6,3640205,2061,5,91.48
134.52,0.99,2,1643901328.945,L6,4180327,2060,4,192.81
127.28,0.99,1,1643901278.373,L6,3100038,2059,5,63.64
122.19,0.99,2,1643901242.013,L6,3621442,2058,4,118.12
130.92,0.99,1,1643901195.84,L6,601,2057,5,137.46
123.73,0.97,1,1643901121.91,L6,609,2056,5,119.6
138.72,1,2,1643901045.443,L6,4180403,2055,4,115.6
108.75,0.98,1,1643900788.182,L6,3100028,2054,4,79.75
125.04,0.98,1,1643840899.143,L6,3550791,2053,5,129.21
122.79,0.98,1,1643820311.177,L6,3621441,2052,4,49.12
139.46,1,2,1643760753.444,L6,3621863,2051,5,139.46
137.22,0.98,1,1643753887.197,L6,229,2050,5,98.34
136.15,0.99,1,1643751184.652,L6,4940197,2049,4,97.57
138.5,1,1,1643751116.739,L6,3810620,2048,5,166.2
125.06,1,1,1643751041.54,L6,3622363,2047,5,102.13
133.55,0.99,1,1643750980.465,L6,3550066,2046,5,131.33
112.83,0.98,2,1643736464.349,L6,3622460,2045,5,69.58
131.18,0.99,1,1643736372.655,L6,4350537,2044,3,242.68
143.21,1,2,1643736100.639,L6,4060154,2043,5,116.96
133.54,0.99,2,1643736044.972,L6,4180833,2042,5,129.09
123.27,0.99,2,1643735342.961,L6,465,2041,2,125.32
129.35,0.97,1,1643735292.638,L6,3811106,2040,5,58.21
120.39,0.98,1,1643733620.418,L6,3620598,2039,4,132.43
120.65,0.96,1,1643733190.281,L6,3550694,2038,2,102.56
134.66,0.99,2,1643733122.561,L6,3622426,2037,4,107.73
108.65,0.97,1,1643733070.33,L6,3640799,2036,4,85.11
146.95,0.99,1,1643732976.55,L6,3811353,2035,5,124.9
126.47,0.98,3,1643675485.865,L6,4350683,2034,4,113.82
134.62,0.99,1,1643675439.94,L6,476,2033,3,125.64
141.19,1,1,1643675392.614,L6,3550179,2032,1,63.53
129.41,0.99,1,1643675347.458,L6,3810189,2031,5,88.43
128.87,0.99,2,1643675097.46,L6,4350410,2030,3,90.21
130.2,0.99,1,1643674987.761,L6,3622331,2029,4,52.08
120.79,0.98,1,1643674791.503,L6,3621049,2028,5,106.7
130.95,0.98,1,1643674002.809,L6,3620284,2027,4,96.03
120.22,0.98,1,1643673845.722,L6,44,2026,5,84.15
125,0.99,1,1643673800.54,L6,3622396,2025,5,102.08
136.14,0.98,1,1643673749.131,L6,3550095,2024,4,102.11
146.36,1,1,1643673664.277,L6,3950036,2023,4,97.57
122.14,0.97,1,1643668893.769,L6,4180391,2022,5,111.96
133.01,0.99,1,1643658139.776,L6,4350377,2021,5,106.41
120.12,0.97,1,1643651705.691,L6,3810469,2020,5,158.15
114,0.98,1,1643651513.306,L6,3622129,2019,5,127.29
122.48,0.98,1,1643651465.454,L6,3550189,2018,3,97.99
137.04,0.99,1,1643651061.676,L6,3620059,2017,5,180.43
125.7,0.98,1,1643651006.386,L6,4060023,2016,3,117.32
103.14,0.96,2,1643650947.271,L6,568,2015,2,110.02
130.87,0.99,1,1643650876.549,L6,4350697,2014,3,226.84
95.95,0.96,3,1643650788.915,L6,3620324,2013,5,47.98
137.97,1,1,1643650725.232,L6,4350412,2012,5,126.48
126.85,0.99,2,1643650674.508,L6,3621110,2011,5,67.65
139.95,1,1,1643650625.516,L6,3810184,2010,5,114.29
113.17,0.99,1,1643650561.559,L6,3622166,2009,4,62.25
123.59,0.99,1,1643650528.94,L6,3620691,2008,2,76.22
108.39,0.96,3,1643650483.866,L6,3810509,2007,5,72.26
134.71,0.99,1,1643650451.583,L6,4350366,2006,3,110.01
138.28,1,3,1643650380.481,L6,3811051,2005,5,106.01
131.85,0.99,2,1643650345.438,L6,3640374,2004,4,83.51
114.91,0.97,1,1643650201.618,L6,3100104,2003,5,61.29
112.12,0.98,1,1643649423.902,L6,3622370,2002,5,71.01
121.34,0.99,2,1643645764.174,L6,4180863,2001,5,99.09
132.4,1,1,1643602387.703,L6,629,2000,4,163.29
127.14,0.98,1,1643415121.191,L6,3621975,1999,5,46.62
125.34,0.98,1,1643415084.393,L6,3640846,1998,5,100.28
118.08,0.97,1,1643336802.328,L6,3811368,1997,5,72.82
122.51,0.98,3,1643329582.62,L6,4350635,1996,5,130.68
132.19,0.99,2,1643329500.237,L6,3640433,1995,5,79.31
125.38,0.96,1,1643329468.956,L6,486,1994,4,62.69
114.37,0.97,1,1643329341.759,L6,3100108,1993,5,62.9
107.89,0.96,1,1643315837.283,L6,4180549,1992,5,57.54
131.26,0.99,1,1643315799.325,L6,4060020,1991,5,100.63
125.3,0.98,1,1643315629.667,L6,4180681,1990,5,108.6
145.13,1,2,1643315562.412,L6,3640357,1989,4,120.94
121.52,0.99,1,1643310854.459,L6,3550124,1988,5,157.97
131.39,0.99,1,1643310796.417,L6,3622246,1987,5,146.72
127.32,0.99,1,1643310751.116,L6,3622296,1986,4,108.22
101.12,0.96,5,1643307910.059,L6,549,1985,5,62.36
141.14,1,1,1643307846.621,L6,3622293,1984,4,117.62
126.93,0.98,2,1643307798.924,L6,3640510,1983,5,118.47
122.99,0.98,1,1643307750.736,L6,3811277,1982,5,139.39
128.13,0.99,1,1643307701.856,L6,3550944,1981,5,111.04
138.35,0.98,1,1643307662.125,L6,3620305,1980,5,78.4
143.3,1,1,1643243302.49,L6,4350124,1979,5,102.7
124.58,0.99,1,1643243269.273,L6,3550510,1978,5,124.58
108.72,0.97,1,1643145981.098,L6,3100071,1977,2,79.73
117.07,0.98,1,1643145432.845,L6,3100054,1976,5,39.02
109.22,0.98,2,1643133206.804,L6,3810129,1975,3,67.35
116.9,0.99,2,1643132984.315,L6,3640384,1974,4,83.78
122.53,0.98,2,1643132946.658,L6,111,1973,4,110.27
119.18,0.98,3,1643047444.138,L6,72,1972,5,81.44
137.09,0.99,2,1643047409.162,L6,3810831,1971,5,148.52
126.32,0.99,1,1643047355.285,L6,52,1970,4,122.11
122.72,0.99,3,1642989062.911,L6,3810389,1969,5,87.95
110.03,0.98,1,1642989018.381,L6,3621133,1968,5,122.87
116.33,0.98,2,1642988971.445,L6,4350280,1967,5,108.57
128.16,0.99,1,1642988931.599,L6,4180017,1966,4,158.07
124.3,0.95,1,1642988882.837,L6,3950026,1965,4,89.08
115.62,0.98,2,1642988669.828,L6,556,1964,3,92.5
124.02,0.99,1,1642986262.42,L6,3550020,1963,5,64.08
118.24,0.98,1,1642986229.776,L6,4180863,1962,4,96.57
121.02,0.98,2,1642986124.424,L6,3811028,1961,5,78.66
126.16,0.98,1,1642955542.978,L6,3622188,1960,5,161.9
112.66,0.96,1,1642621504.718,L6,3621119,1959,4,60.08
129.31,0.99,3,1642608491.28,L6,3640434,1958,5,105.6
136.65,1,2,1642539749.808,L6,3550045,1957,5,95.66
119.61,0.97,2,1641946052.013,L6,3550786,1956,4,159.49
105.05,0.96,3,1641944263.118,L6,3620495,1955,4,84.04
119.78,0.98,1,1641944221.998,L6,3810134,1954,5,97.82
128.39,0.99,2,1641920106.942,L6,3621180,1953,5,124.11
150.47,0.99,1,1641834540.771,L6,3100075,1952,5,77.74
124.45,0.98,3,1641834285.059,L6,571,1951,4,126.53
116.3,0.98,1,1641833941.309,L6,3620324,1950,5,58.15
128.77,0.99,1,1641700026.207,L6,4070066,1949,5,83.7
130.63,0.99,1,1641699987.123,L6,3100079,1948,4,139.34
135.67,0.99,1,1641699939.954,L6,3810333,1947,5,79.14
145.21,1,1,1641579389.487,L6,4180018,1946,4,75.03
111.16,0.97,3,1641579361.483,L6,716,1945,5,111.16
126.66,0.98,2,1641579210.025,L6,3550176,1944,5,152
127.5,0.98,1,1641579159.65,L6,3620558,1943,2,82.87
120.68,0.98,1,1641579120.384,L6,4180270,1942,5,124.7
129.22,0.98,1,1641576190.287,L6,3640205,1941,5,94.76
138.61,0.99,1,1641576140.629,L6,3810129,1940,5,85.48
135.63,0.99,1,1641576114.136,L6,3620074,1939,5,70.08
129.76,0.98,1,1641515875.783,L6,3640326,1938,3,97.32
134.56,0.99,1,1641515813.535,L6,3100092,1937,5,56.07
124.04,0.96,1,1641515787.879,L6,4180603,1936,2,126.11
128.31,0.98,1,1641515688.931,L6,3810731,1935,5,226.67
132.81,0.99,2,1641490109.415,L6,3100022,1934,5,53.13
129.68,0.99,1,1641487906.339,L6,3622234,1933,4,129.68
135.36,0.99,1,1641445475.112,L6,3641349,1932,2,216.57
127.52,0.99,2,1641445325.381,L6,4350162,1931,4,157.28
120.85,0.97,1,1641411813.948,L6,3550393,1930,3,92.66
100.74,0.96,1,1641411783.494,L6,3810627,1929,2,50.37
126.83,0.99,1,1641398384.164,L6,4350363,1928,5,107.81
134.74,0.99,1,1641338327.123,L6,3620279,1927,5,74.11
128.94,0.99,2,1641338299.025,L6,3810949,1926,4,143.98
140.18,0.98,1,1641338242.631,L6,3810381,1925,5,116.82
135.82,0.99,1,1641338204.832,L6,12,1924,5,56.59
109.25,0.97,2,1641245802.006,L6,3640246,1923,5,80.12
135.59,0.99,1,1641233843.278,L5,4180383,1922,5,81.35
121.92,0.98,2,1641233813.95,L6,3621143,1921,5,85.34
125.72,0.98,3,1641233780.505,L6,4350331,1920,4,117.34
125.79,0.99,2,1641233738.284,L6,2,1919,2,102.73
112.74,0.98,3,1641233693.392,L6,3622374,1918,5,37.58
127.4,0.98,1,1641233670.953,L6,4350353,1917,4,140.14
122.17,0.98,1,1641099287.946,L6,4070176,1916,2,89.59
140.33,1,1,1641099178.365,L6,4350128,1915,5,102.91
123.57,0.98,3,1641099126.346,L6,4180614,1914,5,86.5
136.01,0.98,1,1641099071.385,L6,3550279,1913,5,120.14
137.66,0.98,1,1641098114.841,L6,4180277,1912,5,121.6
122.77,0.98,1,1641098066.234,L6,695,1911,5,102.31
130.13,0.99,1,1640816668.881,L6,3640206,1910,5,121.46
130.14,0.99,1,1640816633.05,L6,3551546,1909,5,114.96
123.88,0.98,2,1640816589.883,L6,3622022,1908,5,51.62
113.17,0.98,1,1640816566.644,L6,3950030,1907,5,35.84
145.74,1,1,1640816502.063,L6,3550177,1906,5,51.01
121.21,0.97,2,1640813589.155,L6,3620374,1905,3,60.6
123.02,0.99,2,1640813318.822,L6,3550647,1904,3,71.76
131.59,0.99,4,1640813281.608,L6,3621305,1903,5,92.11
110.9,0.97,1,1640813255.173,L6,4940185,1902,2,162.65
128.18,0.98,1,1639431977.762,L6,3550084,1901,5,106.81
130.6,0.99,2,1639088680.871,L6,3100109,1900,5,87.07
117.88,0.99,1,1638825679.419,L6,3550063,1899,5,49.12
118.89,0.98,2,1638825638.904,L6,4060043,1898,5,118.89
104.42,0.97,1,1638825287.858,L6,210,1897,5,127.05
122.37,0.98,2,1638825232.097,L6,3620691,1896,5,75.46
118.42,0.97,1,1638824827.635,L6,3620711,1895,4,150
115.38,0.97,2,1638824768.702,L6,3621326,1894,5,80.77
125.44,0.98,2,1638824726.508,L6,3550797,1893,5,104.54
127.25,0.99,2,1638824690.148,L6,3550130,1892,5,99.68
119.92,0.97,2,1638824640.306,L6,3100080,1891,5,63.96
102.97,0.97,3,1638824487.98,L6,4350124,1890,5,73.79
123.11,0.98,1,1638674061.705,L6,3640927,1889,5,153.89
111.35,0.97,2,1638673673.173,L6,4350151,1888,3,128.05
115.75,0.97,1,1638673574.246,L6,4060000,1887,5,154.34
121.02,0.99,1,1638673403.982,L6,3621522,1886,3,70.59
121.64,0.97,1,1638551832.361,L6,4180374,1885,5,99.34
134.55,0.99,1,1638484304.9,L6,3621310,1884,5,141.28
105.46,0.98,2,1638461510.338,L6,4350591,1883,4,151.16
115.37,0.98,1,1638401411.45,L6,4180675,1882,3,153.83
120.47,0.96,1,1638398337.717,L6,4070207,1881,5,108.43
126.8,0.98,2,1638390850.21,L6,4180022,1880,5,137.36
135.18,0.99,1,1638291425.4,L6,3620455,1879,5,60.83
121.34,0.95,1,1638290940.448,L6,3621293,1878,5,44.49
117.71,0.97,4,1638219658.703,L6,3621431,1877,5,72.59
104.29,0.96,3,1638219395.981,L6,110,1876,3,60.84
124.19,0.98,4,1638219354.416,L6,4180610,1875,5,74.52
123.34,0.98,1,1637727739.057,L6,4180036,1874,5,84.28
120.01,0.98,1,1637727711.859,L6,3550175,1873,5,150.01
113.36,0.98,1,1637346740.268,L6,3621642,1872,5,102.03
120.99,0.98,1,1637343315.147,L6,3622319,1871,5,98.81
114.75,0.96,1,1637343280.544,L6,4180843,1870,4,162.56
116.86,0.98,1,1637343162.466,L6,3810243,1869,4,114.91
147.47,1,1,1637342889.302,L6,3622346,1868,5,73.73
135.6,1,1,1637342847.464,L6,41,1867,5,85.88
107.11,0.97,1,1637342810.591,L6,3550020,1866,5,55.34
126.74,0.97,1,1637342773.346,L6,4180639,1865,5,69.71
121.08,0.97,1,1637341901.737,L6,3640371,1864,4,58.52
101.62,0.97,3,1637123229.96,L6,4180145,1863,5,77.91
115.67,0.98,1,1637079267.755,L6,3550862,1862,5,65.54
100.36,0.96,4,1637026961.489,L6,3640481,1861,5,73.6
120.32,0.97,1,1636562767.244,L6,3641247,1860,5,96.26
131.91,0.98,1,1636494889.62,L6,176,1859,5,103.33
130.74,0.99,1,1636407668.577,L6,419,1858,4,146
124.57,0.99,1,1636407572.743,L6,3640308,1857,5,85.12
116.16,0.97,2,1636407381.309,L6,3621779,1856,5,87.12
133.89,0.98,1,1636407312.811,L6,4180192,1855,5,131.66
119.3,0.97,3,1636406972.716,L6,3811436,1854,4,93.45
100.6,0.93,3,1635801735.557,L6,3810896,1853,5,73.77
126.99,0.98,2,1635801692.261,L6,4350287,1852,4,165.08
105.34,0.96,3,1635718903.485,L6,3810681,1851,4,93.05
128.13,0.98,1,1635696471.163,L6,102,1850,5,123.86
127.09,0.98,2,1635622038.903,L6,3622406,1849,5,114.38
137.58,0.99,1,1635528391.966,L6,178,1848,4,114.65
129.42,0.99,2,1635450741.641,L6,3620320,1847,4,79.81
115.56,0.97,2,1635363328.245,L6,4180481,1846,5,159.85
119.31,0.97,1,1635349928.598,L6,3622432,1845,4,145.16
125.17,0.98,1,1635279267.828,L6,3621635,1844,4,127.25
145.49,1,1,1635279184.511,L6,3811328,1843,5,89.72
123.37,0.98,1,1635279141.855,L6,293,1842,5,80.19
124.45,0.98,2,1635279102.589,L6,3641153,1841,5,120.3
131.17,0.99,2,1635111015.718,L6,4350691,1840,4,113.68
111.67,0.96,1,1635110976.058,L6,3620495,1839,4,89.33
107.26,0.97,2,1635107562.372,L6,3621764,1838,5,73.29
126.27,0.98,1,1635107521.778,L6,3640395,1837,5,63.13
132,0.99,1,1635107224.655,L6,3621550,1836,5,90.2
129.38,0.99,2,1634935849.88,L6,3810622,1835,5,157.42
123.23,0.98,1,1634935751.14,L6,4350168,1834,3,115.02
113.53,0.97,1,1634935659.076,L6,4180084,1833,5,105.96
131.55,0.98,1,1634935613.784,L6,3810246,1832,5,76.74
133.16,0.99,1,1634935568.394,L6,3641427,1831,4,95.43
106.89,0.94,1,1634935535.471,L6,4940201,1830,5,64.13
127.99,0.99,2,1634850472.793,L6,3640281,1829,3,96
131.63,0.98,1,1634760324.973,L6,3622299,1828,4,149.18
126.22,0.98,1,1634760239.698,L6,3620455,1827,1,56.8
142.65,0.99,2,1634756161.8,L6,3811056,1826,5,185.44
120.51,0.98,1,1634756118.278,L6,3550164,1825,5,70.3
128.89,0.98,1,1634756081.425,L6,3551605,1824,5,103.11
123.96,0.98,2,1634592235.072,L6,65,1823,4,76.44
135.25,0.99,1,1634592200.392,L6,3622442,1822,3,67.63
146.41,1,1,1634590516.503,L6,3640958,1821,4,122.01
125.54,0.98,2,1634590441.201,L6,3620685,1820,5,119.27
121.96,0.98,1,1634244068.991,L6,4180458,1819,5,52.85
115.47,0.97,3,1634244039.859,L6,3621100,1818,5,107.78
117.61,0.98,1,1633386037.934,L6,4180146,1817,5,84.29
125.87,0.96,3,1633109269.193,L6,3640446,1816,5,79.72
124.43,0.98,1,1632871158.547,L6,4180483,1815,4,107.84
121.08,0.98,1,1632842681.987,L6,4350144,1814,3,86.77
131.51,0.96,2,1632778937.574,L6,4070125,1813,5,78.9
101.37,0.94,1,1632508445.456,L6,296,1812,5,57.44
126.3,0.99,1,1632424997.548,L6,3620015,1811,4,103.14
128.82,0.99,1,1632424941.651,L6,3640564,1810,5,115.94
122.54,0.98,3,1632420872.481,L6,3811072,1809,4,202.2
116.38,0.98,1,1632416140.678,L6,4350280,1808,5,108.62
128.65,0.99,1,1632416093.645,L6,3621445,1807,5,79.33
126.53,0.98,3,1632410023.335,L6,3811311,1806,4,120.2
120.17,0.98,1,1632409985.977,L6,4180254,1805,4,192.27
129.82,0.99,1,1632362037.778,L6,3640788,1804,5,75.73
127.79,0.98,2,1631223693.498,L6,4180023,1803,5,76.67
113.31,0.98,1,1631198877.082,L6,3622269,1802,4,79.32
110.57,0.96,3,1631129788.154,L6,305,1801,5,123.46
120.53,0.99,1,1631120993.289,L6,3621328,1800,5,58.26
117.05,0.99,1,1631117994.269,L6,75,1799,5,64.38
135.85,0.98,2,1631117943.29,L6,3550449,1798,4,99.62
116.9,0.97,1,1631117857.023,L6,3550272,1797,5,85.73
118.32,0.98,2,1631049254.123,L6,3622399,1796,5,126.21
129.48,0.99,1,1631029942.963,L6,377,1795,4,168.33
132.34,0.99,2,1630874104.059,L6,4180756,1794,3,28.67
133.13,1,1,1630874030.863,L6,4060258,1793,2,95.41
114.17,0.98,1,1630873996.971,L6,206,1792,4,108.46
119.57,0.98,1,1630873932.483,L6,3550211,1791,3,65.76
119.59,0.99,1,1630873888.507,L6,194,1790,5,101.65
112.36,0.98,1,1630873841.859,L6,3621236,1789,5,80.52
120.67,0.98,1,1630873793.574,L6,3620742,1788,5,76.42
106.6,0.97,1,1630873753.759,L6,3640521,1787,5,95.94
129.25,0.98,1,1630778642.811,L6,4180294,1786,5,81.86
128.86,0.98,1,1630682375.444,L6,546,1785,5,77.32
117.44,0.97,1,1630682334.888,L6,3620264,1784,3,62.63
123.29,0.98,1,1630682306.698,L6,3100021,1783,4,125.34
112.08,0.98,1,1630682259.168,L6,3622333,1782,3,87.8
132.55,1,1,1630682208.86,L6,4180714,1781,5,79.53
115.11,0.98,2,1630682177.458,L6,3640176,1780,4,113.2
130.42,0.99,1,1630682111.636,L6,3550048,1779,5,78.25
125.34,0.98,1,1630682064.41,L6,3550049,1778,5,66.85
116.42,0.98,1,1630682032.313,L6,4350391,1777,4,131.95
132.48,0.99,1,1630617839.597,L6,3622431,1776,5,94.94
124.05,0.98,1,1624467667.021,L6,3811075,1775,5,153
134.73,0.99,1,1624467601.58,L6,3810183,1774,5,94.31
135.16,0.99,1,1624467416.915,L6,3810052,1773,5,67.58
129.09,0.98,3,1624467384.433,L6,3811368,1772,5,79.6
128.14,0.97,1,1623781424.759,L6,3100071,1771,4,93.97
127.71,1,1,1623426894.71,L6,301,1770,5,87.27
113.18,0.99,2,1623426110.697,L6,4180782,1769,5,77.34
131.09,1,1,1623426019.202,L6,3620456,1768,5,80.84
113.86,0.99,1,1623425969.928,L6,4350307,1767,4,157.51
111.17,0.98,1,1623425897.771,L6,55,1766,5,105.62
122.23,0.97,1,1623090574.456,L6,4180397,1765,5,63.15
131.67,0.99,1,1623090492.317,L6,4180662,1764,3,162.39
113.39,0.97,1,1623090448.601,L6,4350533,1763,5,113.39
102.03,0.96,2,1623090398.067,L6,3622201,1762,3,102.03
107.26,0.97,3,1623084243.257,L6,3621383,1761,5,58.99
115.98,0.99,1,1623084211.773,L6,3621844,1760,5,69.59
120.3,0.98,2,1623084165.842,L6,3620960,1759,4,128.32
121.45,0.99,1,1623084116.794,L6,3811433,1758,3,97.16
124.16,0.98,3,1623084075.025,L6,3640461,1757,5,35.18
134.23,1,1,1623084028.63,L6,732,1756,4,98.44
132.23,0.99,1,1620840095.286,L6,3810657,1755,3,191.73
135.75,0.99,1,1620839993.254,L6,4350214,1754,5,92.76
109.34,0.98,1,1620837782.784,L6,3622238,1753,5,103.87
115.36,0.98,1,1620677805.072,L6,3640410,1752,5,82.68
116.1,0.97,2,1620677764.896,L6,3621152,1751,5,87.07
112.76,0.98,2,1620677707.785,L6,446,1750,5,78.93
118.05,0.98,1,1620676718.807,L6,3810136,1749,5,137.72
123.94,0.99,1,1620402879.193,L6,1820000,1748,5,80.56
124.68,0.99,2,1619724959.435,L6,4350183,1747,3,263.91
124.65,0.99,2,1619715795.887,L6,33,1746,5,68.56
99.85,0.98,2,1619641404.876,L6,3950001,1745,5,83.21
109.05,0.98,3,1619641069.246,L6,4180255,1744,4,105.42
98.56,0.98,1,1619641017.739,L6,4070283,1743,3,62.42
119.25,0.96,1,1619583240.81,L6,241,1742,5,95.4
123.66,0.99,2,1619583202.015,L6,211,1741,5,109.23
129.15,0.99,4,1619374769.323,L6,3641056,1740,5,135.61
115.63,0.98,2,1619213974.607,L6,3550022,1739,5,69.38
105.42,0.98,1,1619213941.282,L6,4180680,1738,5,86.09
139.45,0.99,2,1619213886.065,L6,3621393,1737,5,90.64
141.53,1,1,1619213539.919,L6,4180777,1736,5,92
121.67,0.98,1,1619213433.256,L6,3641056,1735,5,127.75
114.59,0.99,1,1619213224.794,L6,3640257,1734,5,57.3
85.01,0.95,4,1619213190.233,L6,3100026,1733,5,42.5
110.77,0.98,1,1619199070.951,L5,3100099,1732,4,136.62
109.18,0.98,1,1619199004.846,L6,4180150,1731,5,69.15
120.42,0.99,1,1619198951.191,L6,3550095,1730,5,90.31
115.12,0.97,2,1619126102.961,L6,3550710,1729,5,90.18
108.45,0.98,1,1619126061.573,L6,4180062,1728,5,77.72
90.1,0.96,2,1619126026.419,L6,525,1727,5,55.56
98.84,0.97,3,1619125939.155,L6,3620143,1726,4,59.3
131.67,0.99,3,1619125868.084,L6,3620401,1725,4,50.47
131.48,1,2,1619125845.08,L6,128,1724,5,83.27
103.07,0.96,2,1619125806.115,L6,4180203,1723,5,97.92
128.98,0.97,1,1619125711.592,L6,4350563,1722,5,128.98
123.26,0.99,1,1619034882.276,L6,4070087,1721,4,162.3
125.34,0.99,1,1619017820.478,L6,3622386,1720,3,160.86
114.96,0.99,2,1618947646.223,L6,4350290,1719,5,147.53
114.89,0.98,2,1617915483.802,L6,323,1718,5,80.43
111.41,0.97,2,1617852099.745,L6,3811009,1717,5,142.97
114.21,0.98,1,1617852019.434,L6,106,1716,4,81.85
110.45,0.95,1,1617851979.203,L6,3622253,1715,3,73.64
98.35,0.96,3,1617766739.078,L6,96,1714,4,73.77
133.65,0.99,1,1617751629.676,L6,3621393,1713,5,86.87
113.37,0.99,1,1617645825.971,L6,4350290,1712,4,145.5
112.09,0.98,2,1617554498.675,L6,3620960,1711,5,119.56
131.65,0.99,2,1617554448.577,L6,3620602,1710,5,81.18
118.03,0.98,2,1617554416.823,L6,4350500,1709,4,88.52
116.41,0.98,1,1617554368.412,L6,3810381,1708,5,97.01
116.38,0.99,1,1617554328.016,L6,3100084,1707,5,137.72
114.16,0.98,2,1617554251.228,L6,3100090,1706,5,81.81
118.28,0.98,1,1617554215.364,L6,3550311,1705,5,72.94
107.58,0.97,1,1617554179.761,L6,3100006,1704,4,77.1
122.07,0.99,1,1617554127.38,L6,3641050,1703,5,85.45
117.78,0.98,1,1617554039.961,L6,149,1702,5,139.37
120.74,0.99,1,1617553984.457,L6,3550284,1701,5,72.44
122.14,0.99,2,1617432099.028,L6,266,1700,5,87.53
116.3,0.98,3,1617432063.559,L6,4180040,1699,5,54.27
114.62,0.97,1,1617208192.968,L5,224,1698,5,84.05
121.62,0.99,1,1617208142.141,L6,3810905,1697,4,174.32
112.24,0.99,2,1616369714.233,L6,3550066,1696,4,110.37
117.93,0.99,1,1616271174.434,L6,769,1695,5,115.96
116.58,0.98,1,1616271115.852,L6,3640336,1694,5,91.32
109.77,0.97,2,1616204525.483,L6,3550160,1693,5,62.2
121.4,0.99,1,1614889886.182,L6,3550176,1692,5,145.68
97.07,0.97,3,1613081435.679,L6,321,1691,5,67.95
117.38,0.99,1,1612991967.228,L6,695,1690,5,97.82
92.94,0.97,2,1611333175.176,L6,3810703,1689,5,68.15
114.19,0.98,1,1611164133.533,L6,4060216,1688,4,154.16
113.47,0.99,3,1610416944.585,L6,3640345,1687,5,49.17
103.23,0.96,2,1610390715.11,L6,3620397,1686,3,67.1
109.8,0.99,1,1610131068.31,L6,3100094,1685,4,82.35
111.79,0.99,2,1610130974.2,L6,3550161,1684,5,87.57
117.03,1,4,1609974651.083,L6,561,1683,5,97.53
106.49,0.98,1,1609304084.488,L6,3100021,1682,5,108.27
104.66,0.98,1,1608309151.786,L6,3550376,1681,5,113.38
112.35,1,1,1607638532.073,L6,4180668,1680,5,146.05
111.39,0.99,1,1607638451.781,L6,3640998,1679,5,72.4
115.02,0.98,1,1607488731.403,L6,3620034,1678,5,134.19
101.68,0.98,2,1607465233.17,L6,3810402,1677,5,115.23
102.61,0.98,3,1607465147.321,L6,3811418,1676,4,97.48
69.41,0.97,5,1607465076.147,L6,4060037,1675,5,38.18
107.11,0.99,1,1607448628.267,L6,687,1674,5,85.69
112.36,0.99,1,1607400828.839,L6,3620151,1673,5,97.38
94.4,0.98,1,1607400775.298,L6,3641328,1672,3,173.08
118.72,0.99,2,1607400619.95,L6,3620861,1671,5,94.98
90.24,0.97,1,1607132490.131,L6,3810471,1670,1,90.24
113.24,0.99,2,1607132428.877,L6,3620450,1669,5,88.71
124.49,0.99,3,1607132367.569,L6,3640147,1668,5,87.14
113.8,0.99,1,1607132293.841,L6,4060100,1667,3,89.14
109.97,0.98,1,1607132254.322,L6,3810102,1666,5,111.8
117.99,0.99,3,1607132191.786,L6,3810384,1665,4,98.33
107.61,0.98,2,1607132152.436,L6,3810707,1664,5,100.43
120.08,1,3,1607132100.228,L6,3641068,1663,5,174.11
109.05,0.99,1,1607132016.559,L6,3620336,1662,4,116.32
127.61,1,1,1607131818.482,L6,3810606,1661,5,114.85
115.02,0.99,1,1607131727.294,L6,3641102,1660,5,164.86
113.82,0.97,2,1607131591.621,L6,3622365,1659,5,89.16
114.94,0.99,2,1607131548.404,L6,4070230,1658,5,99.62
98.01,0.99,2,1607131501.501,L6,3810493,1657,5,115.98
114.63,1,2,1607114573.212,L6,3640368,1656,3,78.33
101.06,0.98,1,1607114537.745,L6,49,1655,4,79.16
128.61,0.99,1,1607048747.919,L6,3621165,1654,5,62.16
98.2,0.98,4,1607048657.84,L6,3810538,1653,5,81.83
98.22,0.98,3,1605138681.762,L6,3621118,1652,5,45.84
100.99,0.97,1,1604434559.317,L6,129,1651,4,119.5
111.08,0.97,1,1603394373.772,L6,361,1650,5,105.52
110.04,0.98,1,1603310971.186,L6,3640358,1649,5,99.03
110.79,0.98,2,1603213377.709,L6,3550710,1648,5,86.79
112.09,0.98,1,1603042789.86,L6,139,1647,5,74.73
123.06,0.99,2,1602971312.326,L6,4180730,1646,5,96.4
116.84,0.99,4,1602875056.791,L6,3622437,1645,5,179.16
98.89,0.96,1,1602732769.453,L6,4060029,1644,4,145.03
113.46,0.99,3,1602625659.973,L6,3811240,1643,4,83.2
110.53,0.99,3,1602625620.909,L6,4350151,1642,4,127.11
104.26,0.97,2,1602624694.755,L6,3550448,1641,3,85.15
97.8,0.97,2,1602527591.979,L6,3640570,1640,5,104.32
110.92,0.99,3,1602101050.637,L6,164,1639,5,86.89
111.25,0.98,1,1601748658.587,L6,3620712,1638,5,90.86
113.01,0.97,1,1601748600.237,L6,3950002,1637,4,86.64
124.35,0.99,2,1601703062.177,L6,3550051,1636,3,55.96
107.33,0.98,1,1601669715.621,L6,4060226,1635,4,46.51
107.93,0.97,3,1601669669.637,L6,3550072,1634,5,79.15
112.62,0.98,1,1601669621.274,L6,4350347,1633,3,99.48
114.24,0.98,1,1601669559.632,L6,3811348,1632,5,133.27
123.14,0.99,2,1601669499.687,L6,3550282,1631,5,108.78
109.62,0.97,1,1601669406.714,L6,4060029,1630,5,160.78
122.03,0.99,1,1601669332.372,L6,3811242,1629,3,93.55
100.32,0.96,3,1601669184.909,L6,3621292,1628,4,61.86
117.68,0.98,1,1601669106.713,L6,4350380,1627,5,139.25
124.68,0.99,2,1601669044.121,L6,4070259,1626,5,89.35
112.86,0.96,2,1601668961.537,L6,3641016,1625,5,63.95
109.07,0.98,1,1601668877.517,L6,3811030,1624,4,110.89
105.44,0.98,1,1601569170.402,L6,3811147,1623,5,63.27
112.02,0.99,2,1601507656.928,L6,3641114,1622,3,82.15
103.98,0.98,2,1601507577.951,L6,4350235,1621,5,175.03
111.04,0.99,3,1601507491.272,L6,3810600,1620,5,105.49
115.48,0.98,2,1601507424.822,L6,3550779,1619,5,69.29
106.3,0.97,1,1601413381.377,L6,4180244,1618,5,81.5
107.84,0.98,3,1601313716.368,L6,3100044,1617,5,52.12
114.37,0.98,1,1601253287.891,L6,3620034,1616,4,133.43
115.88,0.99,1,1600977717.329,L6,3621540,1615,4,100.43
121.59,0.99,1,1600977649.266,L6,3550117,1614,5,70.92
110.74,0.99,1,1600964388.077,L6,3622341,1613,3,73.83
100.92,0.99,3,1600892340.41,L6,3640833,1612,5,99.24
121.77,0.99,2,1600705762.83,L6,3622235,1611,5,188.74
111.36,0.99,1,1600450815.103,L6,3810928,1610,5,107.65
114.02,0.98,2,1600449646.071,L6,419,1609,5,127.32
95.24,0.98,3,1600376167.761,L6,3620886,1608,5,50.79
118.85,0.98,1,1600375153.331,L6,3550246,1607,5,122.81
83.94,0.98,2,1600374756.3,L6,430,1606,4,85.34
110.13,0.98,2,1600374439.346,L6,3641125,1605,4,99.12
115.67,0.98,2,1600374398.704,L6,3810645,1604,5,69.4
108.38,0.99,3,1600373264.429,L6,3810619,1603,5,74.06
99.94,0.97,2,1600366682.331,L6,3622089,1602,3,38.31
108.29,0.98,1,1600361975.257,L6,4070258,1601,5,77.61
94,0.97,2,1600361428.405,L6,59,1600,5,50.13
112.61,0.98,1,1600361367.879,L6,3100074,1599,5,133.26
111,0.99,2,1600361222.859,L6,4070160,1598,5,72.15
114.47,0.99,1,1600361171.763,L6,4180145,1597,5,87.76
110.4,0.99,4,1600358501.329,L6,4060017,1596,5,86.48
110.91,0.99,2,1600358357.499,L6,3621292,1595,5,68.39
111.98,0.99,1,1600291610.855,L6,4180031,1594,5,82.12
117.41,0.98,1,1600289837.907,L6,3550792,1593,5,80.23
111.83,0.99,1,1600289796.314,L6,3810887,1592,2,50.33
117.05,0.99,1,1600289708.166,L6,3640184,1591,5,89.74
116.29,0.99,1,1600289669.686,L6,3550350,1590,5,106.6
98.45,0.95,3,1600289580.431,L6,3550789,1589,3,80.4
105.69,0.98,1,1600288824.378,L6,67,1588,5,118.02
104.15,0.98,2,1600279054.658,L6,3810011,1587,5,78.11
115.1,0.96,2,1600278959.323,L6,3620904,1586,5,59.47
124.24,1,1,1600278780.003,L6,3810994,1585,5,93.18
95.86,0.97,5,1600273626.832,L6,3811206,1584,5,91.07
109.11,0.98,1,1600273572.004,L6,3641138,1583,5,78.19
101.44,0.96,2,1600117021.889,L6,3811456,1582,5,131.88
124.07,1,1,1600116944.139,L6,3100027,1581,5,95.12
94.73,0.96,1,1600104181.02,L6,3620426,1580,5,82.1
104.86,0.98,3,1600057806.652,L6,3810096,1579,5,69.91
107.53,0.98,2,1600057730.607,L6,4350591,1578,5,154.12
109.59,0.99,1,1600020113.949,L6,3811344,1577,5,120.55
97.13,0.98,2,1599840602.59,L5,3640463,1576,5,67.99
95.6,0.96,1,1599839165.901,L6,3950058,1575,5,74.89
98.74,0.95,5,1599768080.971,L6,3550120,1574,5,36.21
110.52,0.99,1,1599759037.159,L6,3810962,1573,5,95.79
118.01,1,1,1599758973.029,L6,3100054,1572,4,39.34
115.51,0.99,1,1599755790.511,L6,3551157,1571,5,50.05
92.62,0.97,3,1599755721.772,L6,4180182,1570,5,114.23
115.22,0.99,1,1599755631.494,L6,3810105,1569,5,170.91
117.59,0.99,1,1599594196.112,L6,3640458,1568,5,72.51
105.85,0.98,2,1599582050.665,L6,3550101,1567,5,67.04
117.22,0.99,1,1599582008.935,L5,4180066,1566,5,125.04
117.26,1,1,1599171212.371,L6,3640329,1565,5,95.76
105.65,0.97,1,1599171175.077,L6,4180063,1564,3,68.67
103.04,0.98,2,1599165803.333,L6,4180104,1563,5,77.28
122.68,0.99,1,1599106469.639,L6,3640626,1562,5,159.49
112.87,0.98,1,1599067299.404,L6,3100032,1561,5,126.04
112.54,0.97,2,1598998782.26,L6,3640201,1560,5,75.03
116.31,0.99,1,1598998714.339,L6,3100007,1559,5,120.19
115.93,0.99,2,1598931432.862,L6,4070103,1558,3,83.08
102.44,0.98,4,1598903468.26,L6,4180097,1557,4,150.25
101.54,0.98,3,1598897769.171,L6,3811328,1556,4,62.62
102.86,0.98,1,1598894721.785,L6,4180821,1555,5,94.29
95.01,0.97,4,1598828203.652,L6,4180355,1554,4,120.35
112.43,0.97,3,1598590840.09,L6,4180043,1553,5,88.07
125.94,0.99,3,1598560593.558,L6,4180197,1552,5,161.62
115.72,0.99,2,1598478347.17,L6,3810943,1551,4,104.15
131.32,1,1,1598478221.499,L6,3550613,1550,5,85.36
103,0.98,1,1598478145.006,L6,3640234,1549,4,113.3
125.37,1,1,1598457721.046,L6,3810402,1548,5,142.09
115.8,1,1,1598372747.872,L6,3811389,1547,5,106.15
106.67,0.98,2,1598372597.693,L6,3810375,1546,5,108.44
119.92,0.99,2,1598372551.222,L6,4180018,1545,3,61.96
113.58,1,1,1598372314.882,L6,3810758,1544,3,102.23
121.41,0.99,1,1598372109.058,L6,480,1543,5,89.03
126.36,1,4,1598302103.404,L6,649,1542,4,109.52
103.94,0.98,1,1598288771.964,L6,4060139,1541,4,74.49
96.27,0.96,2,1598223378.117,L6,3550734,1540,5,40.11
125.71,0.98,2,1598223315.118,L6,4180001,1539,5,81.71
92.23,0.96,1,1597955087.77,L5,3640166,1538,5,50.73
104.41,0.98,2,1597955019.728,L6,3641174,1537,5,69.61
107.33,0.97,1,1597954959.114,L6,661,1536,4,152.05
109.78,0.99,2,1597886728.417,L6,3810285,1535,5,100.63
117.05,0.98,1,1597886391.541,L6,3810681,1534,3,103.4
102.99,0.97,4,1597779526.266,L6,3640298,1533,5,132.17
105.55,0.98,3,1597603823.613,L6,3622191,1532,3,56.3
125.95,0.99,3,1597603685.724,L6,3622427,1531,5,65.08
108.11,0.98,2,1597603605.736,L6,4070248,1530,2,190.99
117.88,0.99,2,1597603465.49,L6,4180516,1529,3,84.48
112.63,1,2,1597515533.356,L6,3810353,1528,5,67.58
115.54,0.99,2,1597515479.361,L6,4060034,1527,5,107.83
115.38,0.99,3,1597285373.91,L6,3810381,1526,4,96.15
111.7,0.98,1,1596237613.873,L6,3550001,1525,5,102.39
116.04,0.99,1,1593541764.731,L6,548,1524,4,75.43
95.88,0.95,3,1593477923.407,L6,3620904,1523,4,49.54
94.49,0.96,2,1593474601.35,L6,3950026,1522,5,67.72
112.07,0.97,4,1593474560.078,L6,3622460,1521,5,69.11
119.21,0.99,1,1593369782.132,L6,3621385,1520,4,57.62
110.52,0.98,1,1592691431.105,L5,3810572,1519,5,180.51
104.25,0.98,2,1592691344.248,L6,3640087,1518,3,139
120.79,0.99,2,1592691245.609,L6,3640782,1517,2,153
112.1,0.98,1,1592605232.24,L6,486,1516,4,56.05
117.69,0.99,4,1592592590.709,L6,3700016,1515,5,141.22
113.54,0.98,1,1592592512.261,L6,3640924,1514,5,102.19
109.28,0.99,1,1592592469.053,L6,3640968,1513,5,76.5
97.46,0.97,1,1592260049.689,L6,3641032,1512,5,73.1
95.55,0.97,2,1591983045.788,L5,3810015,1511,4,79.62
112.68,0.98,3,1591853897.224,L6,116,1510,5,92.02
114.38,0.98,2,1591853842.875,L6,3620269,1509,4,68.63
129.3,0.99,1,1591853787.383,L6,3621293,1508,5,47.41
113.14,0.99,1,1591848960.701,L6,4180272,1507,4,98.06
98.84,0.97,4,1591764430.895,L6,4180087,1506,5,98.84
101.94,0.96,2,1591746389.149,L6,3550460,1505,3,107.03
103.58,0.98,3,1591746312.049,L6,3641419,1504,5,124.29
107.63,0.97,2,1591308360.194,L6,3811190,1503,5,80.72
117.63,0.99,1,1591308282.713,L6,3640593,1502,5,98.02
89.96,0.97,2,1591307962.868,L6,3550606,1501,4,85.46
100.04,0.97,3,1591210870.505,L6,4180573,1500,5,78.36
104.73,0.98,2,1591210797.491,L6,3811388,1499,5,62.84
107.7,0.98,3,1590775214.537,L6,4060045,1498,4,226.17
108.13,0.98,4,1590610751.038,L6,3622297,1497,5,57.67
119.47,0.99,2,1590088143.986,L6,3620048,1496,2,101.55
118.04,0.99,1,1590088084.717,L6,3810830,1495,5,60.99
109.01,0.98,2,1590088053.522,L6,4070180,1494,5,63.59
112.57,0.99,3,1590087986.609,L6,3640147,1493,5,78.8
97,0.97,2,1589996986.93,L6,3641045,1492,5,63.05
111.79,0.99,1,1589410606.582,L6,3620295,1491,5,130.43
113.51,0.98,1,1589304293.514,L6,511,1490,5,85.13
114.72,0.99,1,1589214307.846,L6,4180323,1489,3,84.13
107.46,0.98,2,1589137824.614,L6,3550245,1488,5,57.31
111.91,0.99,1,1589082504.159,L6,541,1487,4,72.74
99.33,0.98,3,1589081103.13,L6,3550253,1486,4,97.67
100.6,0.99,1,1589063011.258,L6,3641253,1485,5,58.68
83.37,0.96,2,1588700887.214,L6,3810256,1484,5,68.09
123.09,0.99,1,1588698962.428,L6,3640195,1483,4,82.06
99.38,0.98,1,1588608034.182,L6,3622344,1482,4,81.16
116.23,0.99,1,1588363915.075,L6,3640960,1481,3,91.04
113.38,0.99,1,1588110039.45,L5,3810808,1480,5,60.47
87.81,0.97,4,1587675326.167,L6,3640287,1479,5,46.83
100.85,0.97,1,1587593520.113,L5,3640143,1478,5,75.64
98.55,0.99,3,1587592700.288,L6,3640485,1477,5,64.06
92.5,0.99,3,1587576344.038,L6,3550607,1476,4,55.5
99.73,0.97,4,1587492427.423,L6,3100039,1475,5,86.43
104.05,0.98,3,1586714155.252,L6,476,1474,5,97.12
110.17,0.99,1,1586713331.128,L6,3640688,1473,5,112.01
116.92,0.97,1,1586314897.656,L6,4060235,1472,5,29.23
97.52,0.99,1,1586189316.114,L6,3641342,1471,2,123.53
98.23,0.97,2,1586056513.726,L6,3100027,1470,5,75.31
127.49,1,3,1586056447.181,L6,3950036,1469,5,84.99
111.93,1,2,1585962601.688,L6,3550471,1468,2,63.43
106.29,0.97,3,1585935195.674,L6,3550049,1467,5,56.69
122.13,0.99,2,1585283037.846,L6,3621312,1466,4,75.31
111.66,0.98,1,1585006309.034,L6,3811430,1465,5,65.13
97.14,0.97,4,1584899047.961,L6,3641119,1464,5,77.71
111.61,0.98,2,1583886491.982,L5,3622270,1463,4,135.79
96.3,0.95,2,1583788998.518,L6,4180618,1462,5,67.41
118.9,0.98,1,1583516570.506,L5,3620598,1461,5,130.79
103.91,0.98,4,1583338455.308,L6,3622286,1460,5,91.79
115.45,0.98,4,1583277488.451,L6,3640854,1459,5,69.27
103.48,0.96,3,1582909631.326,L6,3550051,1458,4,46.57
123.32,0.99,1,1582743347.559,L6,3640221,1457,5,73.99
119.49,0.99,1,1582739006.319,L6,3622374,1456,4,39.83
99.38,0.97,2,1582734019.255,L6,3621374,1455,4,61.29
107.27,0.98,1,1582653555.967,L6,3810054,1454,5,135.88
110.23,0.98,1,1582647207.717,L5,3550322,1453,4,67.97
117.15,0.98,2,1582569580.775,L6,3641308,1452,5,82
93.21,0.96,2,1581717034.869,L6,3811313,1451,3,147.59
102.2,0.96,3,1581714480.505,L6,4180311,1450,4,91.98
125.26,0.99,1,1581714335.288,L6,3620201,1449,5,68.89
114.69,0.98,1,1581714293.645,L6,3810624,1448,2,87.93
101.03,0.95,1,1581714239.65,L6,3950046,1447,5,48.83
104.63,0.97,1,1581701614.423,L6,3100063,1446,5,169.15
80.38,0.96,3,1581701453.183,L5,4180712,1445,4,37.51
111.57,0.97,1,1581701417.146,L5,428,1444,4,59.5
106.64,0.97,1,1581699707.278,L6,3811461,1443,4,65.76
109.21,0.98,1,1581532554.323,L6,4070258,1442,5,78.27
102.71,0.96,4,1581523899.682,L6,3550619,1441,5,70.19
110.46,0.98,2,1581523657.363,L6,3621152,1440,5,82.85
101.11,0.97,3,1581461322.665,L6,3810953,1439,5,109.54
123.52,0.99,1,1581458606.27,L6,4180188,1438,5,98.82
107.8,0.97,2,1581375191.754,L6,78,1437,4,84.44
113.3,0.98,2,1581372463.215,L6,3641317,1436,4,60.43
117.51,0.99,1,1581368215.166,L6,3640413,1435,5,76.38
105.37,0.97,1,1581357428.861,L6,4060027,1434,5,86.05
107,0.98,2,1581352552.993,L6,3621831,1433,2,83.81
99.79,0.97,3,1581117633.411,L6,4180239,1432,5,98.12
112.77,0.99,2,1581111831.407,L5,3640152,1431,5,77.06
111.01,0.97,3,1581031583.599,L6,3950033,1430,4,59.2
107.72,0.96,3,1581019312.705,L6,3550797,1429,5,89.77
100.71,0.97,2,1581015630.622,L6,3950047,1428,5,72.18
96.61,0.97,1,1581006486.567,L6,3640685,1427,5,59.58
119.46,0.99,3,1580931337.376,L6,3810764,1426,5,97.56
114.01,0.98,1,1580773626.539,L6,3641196,1425,4,144.42
96.99,0.98,2,1580755294.774,L6,43,1424,4,67.89
102.56,0.97,1,1580755207.994,L6,3811177,1423,5,75.21
92.83,0.97,1,1580399263.977,L5,3621027,1422,5,44.87
103.6,0.97,2,1580318102.542,L6,3550425,1421,4,88.06
110.82,0.98,2,1580253764.546,L6,3640238,1420,5,70.19
85.91,0.96,1,1580232461.74,L5,3620250,1419,5,37.23
114.88,0.99,2,1580227060.474,L6,320,1418,5,82.33
107.54,0.97,3,1580161996.689,L6,3641033,1417,5,125.46
94.21,0.96,1,1580158044.364,L6,3811020,1416,4,120.91
114.14,0.98,1,1580151595.275,L6,3620404,1415,5,41.85
94.7,0.95,4,1580075486.742,L6,3550783,1414,5,71.02
116.52,0.99,2,1579917258.804,L6,3550792,1413,3,79.62
105.7,0.97,1,1579910205.272,L5,3622213,1412,5,84.56
122.63,0.98,1,1579904273.105,L6,3950027,1411,5,75.62
108.02,0.97,1,1579902762.969,L6,3640485,1410,4,70.22
116.66,0.98,2,1579889050.437,L6,3550721,1409,3,85.55
126.41,0.98,2,1579882980.671,L6,3100092,1408,4,52.67
110.02,0.97,1,1579882868.112,L6,3550710,1407,4,86.19
110.49,0.98,2,1579882782.038,L6,179,1406,5,165.74
109.31,0.98,2,1579882264.339,L6,3622424,1405,5,81.98
105,0.97,3,1579882155.612,L6,3640235,1404,5,68.25
122.35,0.99,2,1579880525.908,L6,4060255,1403,4,50.98
98.6,0.96,2,1579822297.976,L6,3810539,1402,5,87.1
109.79,0.98,1,1579822201.96,L6,4180074,1401,5,95.15
104.19,0.97,4,1579812946.127,L6,4180054,1400,5,78.14
125.63,1,1,1579806154.359,L6,78,1399,2,98.41
108.87,0.98,1,1579796353.89,L6,287,1398,5,123.38
104.7,0.98,3,1579796279.917,L6,4180092,1397,5,61.08
99.09,0.96,2,1579795685.697,L6,3640601,1396,5,115.6
106.13,0.97,1,1579795610.902,L6,3620525,1395,5,72.52
95.53,0.96,3,1579733315.86,L6,3810116,1394,4,66.87
132.19,0.99,2,1579731046.971,L6,3621322,1393,3,68.3
100.61,0.97,2,1579730987.44,L6,3641057,1392,4,63.72
107.7,0.98,1,1579730874.533,L6,3811317,1391,5,177.7
119.65,0.99,2,1579728257.703,L6,3641427,1390,4,85.75
107.87,0.97,2,1579724902.065,L6,189,1389,4,82.7
110.95,0.97,1,1579724843.954,L6,3100082,1388,5,96.16
121.73,0.99,2,1579724688.532,L6,3640092,1387,3,83.18
100.02,0.98,1,1579622073.616,L6,3622208,1386,5,71.68
88.93,0.97,1,1578850366.606,L6,3810547,1385,4,72.63
99.48,0.97,1,1578702474.011,L6,3620371,1384,2,84.56
111.85,0.99,3,1578677924.893,L6,3550075,1383,3,63.38
124.62,0.99,1,1578677828.303,L6,3620688,1382,5,76.85
99.12,0.97,2,1578677030.829,L6,3621246,1381,2,66.08
118.9,0.98,1,1578676842.685,L6,4070259,1380,4,85.21
108.43,0.98,2,1578676773.999,L6,3620461,1379,3,81.33
109.49,0.98,3,1578591224.546,L6,3641175,1378,5,72.99
100.97,0.97,2,1578591185.014,L6,4060246,1377,5,97.61
120.89,0.97,1,1578591096.155,L6,4180235,1376,5,76.57
104.11,0.97,3,1578591014.433,L6,3550112,1375,5,128.4
107.79,0.97,1,1578590797.919,L6,320,1374,5,77.25
103.69,0.97,1,1578588504.791,L6,3810656,1373,5,95.05
101.25,0.99,1,1578588374.753,L6,605,1372,4,59.06
105.11,0.97,1,1578587028.113,L6,4180315,1371,4,91.09
110.97,0.99,3,1578527342.972,L6,3810511,1370,5,92.47
102.15,0.99,1,1578509179.682,L6,3810414,1369,3,71.51
120.77,0.99,2,1578509119.633,L6,3550627,1368,4,84.54
112.81,0.99,1,1578507114.881,L6,3811384,1367,4,88.37
98.78,0.96,1,1576696068.088,L6,3640252,1366,5,88.9
108.53,0.98,2,1576624193.73,L6,3641070,1365,5,72.35
106.28,0.98,1,1576202341.592,L6,4180344,1364,5,81.48
97.55,0.98,1,1576182179.948,L6,4060131,1363,4,50.4
113.62,0.97,2,1576181592.738,L6,3622467,1362,4,56.81
102.31,0.97,1,1576181510.615,L5,3640824,1361,5,57.97
101.97,0.98,3,1576181457.662,L6,3550183,1360,5,105.37
117.94,0.99,1,1576181366.419,L6,3550033,1359,5,121.87
91.89,0.97,2,1576181303.705,L6,4180538,1358,5,79.64
110.65,0.98,2,1576181241.837,L6,3621326,1357,5,77.45
98.13,0.96,2,1576095531.274,L6,3550907,1356,3,142.29
109.98,0.98,1,1576087128.678,L6,591,1355,5,161.3
105.77,0.98,1,1576087065.569,L6,3640183,1354,5,79.33
93.97,0.96,2,1576000613.358,L5,3641330,1353,3,178.54
107.42,0.98,2,1576000435.621,L6,327,1352,5,76.98
98.34,0.96,1,1576000374.24,L6,3810118,1351,5,78.67
106.45,0.98,1,1575996390.652,L6,3620295,1350,3,124.19
123.96,0.99,2,1575928484.819,L6,3640403,1349,5,74.37
101.32,0.97,2,1575916215.357,L6,3640802,1348,5,91.19
105.94,0.96,4,1575655453.783,L6,3620179,1347,4,102.41
106.94,0.97,2,1575579088.999,L6,360,1346,5,92.68
95.16,0.96,4,1575579033.86,L6,3550077,1345,5,74.54
110.71,0.97,2,1575578975.714,L6,3620602,1344,5,68.27
126.45,0.99,2,1575491894.727,L6,3622264,1343,5,84.3
103.41,0.97,2,1575491806.153,L6,3620673,1342,5,99.96

